<?xml version="1.0" encoding="UTF-8"?>
<ApplicationsExport>
  <Applications>
    <AutheEnabled>64</AutheEnabled>
    <AutoCompile>false</AutoCompile>
    <CookiePath>/</CookiePath>
    <CSPZENEnabled>true</CSPZENEnabled>
    <DeepSeeEnabled>false</DeepSeeEnabled>
    <Description>Graphic Dashboard</Description>
    <Enabled>true</Enabled>
    <GroupById>%ISCMgtPortal</GroupById>
    <HyperEvent>0</HyperEvent>
    <iKnowEnabled>false</iKnowEnabled>
    <InbndWebServicesEnabled>true</InbndWebServicesEnabled>
    <IsNameSpaceDefault>false</IsNameSpaceDefault>
    <LockCSPName>true</LockCSPName>
    <Name>/csp/sys/dashboard</Name>
    <NameSpace>%SYS</NameSpace>
    <Package>%cspapp.dashboard</Package>
    <Path>sys/dashboard</Path>
    <Recurse>true</Recurse>
    <Resource>%Admin_Operate</Resource>
    <ServeFiles>2</ServeFiles>
    <ServeFilesTimeout>3600</ServeFilesTimeout>
    <SuperClass>%CSP.Util.Domain</SuperClass>
    <Timeout>28800</Timeout>
    <TwoFactorEnabled>false</TwoFactorEnabled>
    <Type>2</Type>
    <UseCookies>2</UseCookies>
  </Applications>
</ApplicationsExport>