<?xml version="1.0" encoding="UTF-8"?>
<Export generator="Cache" version="25">
<Class name="SYS.Monitor.DashboardInstaller">
<Description>
This class handles installation of the System Monitor Dashboard.</Description>
<Super>%RegisteredObject</Super>
<TimeCreated>64183,33814.774726</TimeCreated>

<Method name="Install">
<Description>
This method is invoked to install the Dashboard kit in a Cache instance.
'kitpath' is the directory of the unzipped Dashboard kit.
'dev' indicates whether the CSP app should cache files.
'update' will force the update of back end with DashboardSupport.xml even if DashboardSensors exists</Description>
<ClassMethod>1</ClassMethod>
<FormalSpec>kitPath:%String,dev:%Integer=0,update:%Boolean=0</FormalSpec>
<ReturnType>%Status</ReturnType>
<Implementation><![CDATA[
#define DBUIDIR "dashboard"
#define DBSUPPORT "DashboardSupport.xml"

	s sc=$$$OK
	w "Validating Arguments",!
	i $G(kitPath, "")="" s sc=$$$ERROR("The path to the kit is a required argument for this method to complete installation")
	i $$$ISERR(sc) goto error
	w "Unpacking Kit",!
	s kitPath=##class(%File).NormalizeDirectory(kitPath)
	#; validate kit contents
	s UICode=##class(%File).SubDirectoryName(kitPath,$$$DBUIDIR)
	i '##class(%File).DirectoryExists(UICode) {
		s sc=$$$ERROR("Front end code (" _ UICode _ ") does not exist within kit")
		goto error
	}
	s DBSensors=##class(%CompiledClass).%ExistsId("SYS.Monitor.DashboardSensors")
	i update s DBSensors=0 ; force update
	i 'DBSensors {
		s path = ##class(%File).SubDirectoryName(kitPath,$$$DBSUPPORT)
		i '##class(%File).Exists(path) {
			s sc=$$$ERROR("Back end code (" _ path _ ") does not exist within kit")
			goto error
		}
	}
	s sc=..MoveKitFiles(kitPath,DBSensors)
	i $$$ISERR(sc) goto error
	w "Creating Web Application",!
	s sc=..CreateWebApplications(dev)
	i $$$ISERR(sc) goto error
	i 'DBSensors {
		w "Dashboard Sensors not found, installing support code",!
		w "Granting Write Permissions to CACHELIB",!
		s prevState=1
		s sc=..SetCacheLibReadOnly(0,.prevState)
		i $$$ISERR(sc) goto error
		w "Importing Dashboard support code",!
		s sc=$System.OBJ.Load($$$DBSUPPORT,"ck")
		i $SYSTEM.Status.IsError(sc) goto error
		w "Resetting Write Permissions for CACHELIB",!
		s sc=..SetCacheLibReadOnly(prevState,)
		i $$$ISERR(sc) goto error
		i '##class(%SYS.Monitor).IsComponent("SYS.Monitor.DashboardSensors"){
			w "Adding Dashboard Sensors",!
			s sc=..AddDashboardSensors()
		}
		i $$$ISERR(sc) goto error
	}
	goto cleanup
error
	w !,"ERROR: ",! d $system.Status.DisplayError(sc) w !!
	goto cleanup
cleanup
	i $$$ISOK(sc) w !,"Successfully Installed the Dashboard",!
	i $$$ISERR(sc) w !,"Failed to Install the Dashboard. Check for errors printed above, and returned by the Install Method.",!
	q sc
]]></Implementation>
</Method>

<Method name="MoveKitFiles">
<ClassMethod>1</ClassMethod>
<FormalSpec>kitPath:%String,DBSensors:%Boolean</FormalSpec>
<ReturnType>%Status</ReturnType>
<Implementation><![CDATA[
	s sc=$$$OK
	s kpath=##class(%File).SubDirectoryName(kitPath,$$$DBUIDIR)
	s ipath=##class(%File).NormalizeDirectory($REPLACE($zu(12),"mgr","CSP/sys/dashboard"))
	s sc=##class(%File).CopyDir(kpath, ipath, 1, 0, 1)
	i sc'=1 {
		d $system.Status.DisplayError(%objlasterror)
		s sc=$$$ERROR("Failed moving front end code (" _ kpath _ " to " _ ipath _ ")")
	}
	i $$$ISOK(sc),'DBSensors {
		s kpath=##class(%File).NormalizeFilename($$$DBSUPPORT,kitPath)
		s ipath=##class(%File).NormalizeFilename($$$DBSUPPORT)
		s sc=##class(%File).CopyFile(kpath, ipath, 1)
		i sc'=1 {
			d $system.Status.DisplayError(%objlasterror)
			s sc=$$$ERROR("Failed moving back end code (" _ kpath _ " to " _ ipath _ ")")
		}
	}
	q sc
]]></Implementation>
</Method>

<Method name="CreateWebApplications">
<ClassMethod>1</ClassMethod>
<FormalSpec>dev:%Boolean</FormalSpec>
<ReturnType>%Status</ReturnType>
<Implementation><![CDATA[
	s sc=$$$OK
	s cspop=##class(Security.Applications).%OpenId("/csp/sys/op")
	i '##class(Security.Applications).%ExistsId("/csp/sys/dashboard") {
		s app=##class(Security.Applications).%New()
		s app.Name="/csp/sys/dashboard"
		s app.LockCSPName=$$$YES
		s app.NameSpace="%SYS"
		s app.IsNameSpaceDefault=$$$NO
		s app.Path="sys/dashboard/"
		s app.Type=2
		s app.Description="Graphic Dashboard"
		s app.UseCookies=2
		s app.CookiePath="/csp/sys/dashboard/"
		s app.InbndWebServicesEnabled=$$$YES
		s app.CSPZENEnabled=$$$YES
		s app.DeepSeeEnabled=$$$NO
		s app.iKnowEnabled=$$$NO
		s app.Recurse=$$$YES
		i dev = 1 s app.ServeFiles=1 // no cacheing of files
		i dev '= 1 s app.ServeFiles=2 // cache files
		s app.ServeFilesTimeout=3600
		s app.Timeout=28800
		s app.TwoFactorEnabled=$$$NO
		s app.Resource="%Admin_Operate"
		s app.Enabled=$$$YES
		s app.GroupById="%ISCMgtPortal"
		s app.HyperEvent=$$$NO
		s app.AutoCompile=$$$NO
		i cspop'="" s app.AutheEnabled=cspop.AutheEnabled
		s sc=app.%Save()
	}
	i ($$$ISOK(sc)&&'##class(Security.Applications).%ExistsId("/api/dashboard")) {
		s app=##class(Security.Applications).%New()
		s app.Name="/api/dashboard"
		s app.Description="System Monitor Dashboard REST API"
		s app.NameSpace="%SYS"
		s app.DispatchClass="%Api.Dashboard"
		s app.Timeout=3600
		i cspop'="" s app.AutheEnabled=cspop.AutheEnabled
		s sc=app.%Save()
		s ^SYS("Security","CSP","AllowClass","/api/dashboard/","%Api.Dashboard")=1
	}
	q sc
]]></Implementation>
</Method>

<Method name="SetCacheLibReadOnly">
<ClassMethod>1</ClassMethod>
<FormalSpec><![CDATA[readOnly:%Integer,&prevState=1]]></FormalSpec>
<ReturnType>%Boolean</ReturnType>
<Implementation><![CDATA[
	s sc = $$$ERROR("Could not find CACHELIB database")
	s sfn = -1
	f {
		s finfo=$zu(49,sfn,1,5) q:finfo=-1
		s sfn=+$p(finfo,"^",1)
		s dir=$p(finfo,"^",3)
		s name=$p($p(finfo,"^",4),"_",2)
		i (name="CACHELIB") {
			s db=##Class(SYS.Database).%OpenId(dir)
			s prevState=db.ReadOnly
			d db.ReadOnlySet(readOnly)
			s sc=db.%Save()
		}
	}
	q sc
]]></Implementation>
</Method>

<Method name="AddDashboardSensors">
<ClassMethod>1</ClassMethod>
<ReturnType>%Status</ReturnType>
<Implementation><![CDATA[
	s sc = $$$OK
	d ##class(%SYS.Monitor).Stop()
	s sc = ##class(%SYS.Monitor).AddComponentClass("SYS.Monitor.DashboardSensors", "Default sensors for the System Monitor Dashboard")
	d ##class(%SYS.Monitor).Start()
	i $$$ISERR(sc) s sc = $$$ERROR("Failed to Add System Dashboard Sensors.")
	q sc
]]></Implementation>
</Method>

<Method name="RemoveWebApplication">
<Description>
Remove CSP Application and REST API</Description>
<ClassMethod>1</ClassMethod>
<ReturnType>%Status</ReturnType>
<Implementation><![CDATA[
	s sc=$$$OK
	i ##class(Security.Applications).%ExistsId("/csp/sys/dashboard") {
		set st=##class(Security.Applications).Delete("/csp/sys/dashboard")
	}
	i ##class(Security.Applications).%ExistsId("/api/dashboard") {
		set st=##class(Security.Applications).Delete("/api/dashboard")
	}
]]></Implementation>
</Method>
</Class>
</Export>
