<?xml version="1.0" encoding="UTF-8"?>
<Export generator="Cache" version="25">
<Class name="SYS.Monitor.DashboardInstaller">
<Description>
This class handles installation of the System Monitor Dashboard. </Description>
<Super>%Persistent</Super>
<TimeCreated>64183,33814.774726</TimeCreated>

<UDLText name="T">
<Content><![CDATA[
/*
	INSTALLATION FUNCTIONALITY
*/
]]></Content>
</UDLText>

<Method name="Install">
<Description>
This method is invoked when a class is compiled.</Description>
<ClassMethod>1</ClassMethod>
<FormalSpec>kitPath:%String</FormalSpec>
<ReturnType>%Status</ReturnType>
<Implementation><![CDATA[
	s sc=$$$OK
	w "Validating Arguments",!
	i $G(kitPath, "")="" s sc=$$$ERROR("The path to the kit is a required argument for this method to complete installation")
	i $$$ISERR(sc) goto error
	w "Unpacking Kit",!
	s kitPath=..NormalizeKitPath(kitPath)
	s sc=..ValidateKit(kitPath)
	i $$$ISERR(sc) goto error
	s sc=..MoveKitFiles(kitPath)
	i $$$ISERR(sc) goto error
	w "Changing to %SYS Namepsace",!
	zn "%SYS"
	w "Creating Web Application",!
	s sc=..CreateWebApplications()
	i $$$ISERR(sc) goto error
	i ($system.Version.GetNumber()<2017.2) {
		w "Cache Version Before 2017.2, Installing Support Classes",!
		w "Granting Write Permissions to CACHELIB",!
		s prevState=1
		s sc=..SetCacheLibReadOnly(0,.prevState)
		i $$$ISERR(sc) goto error
		w "Importing Dashboard Support",!
		s sc=$System.OBJ.Load("DashboardSupport.xml","ck")
		i $SYSTEM.Status.IsError(sc) goto error
		w "Resetting Write Permissions fro CACHELIB",!
		s sc=..SetCacheLibReadOnly(prevState,)
		i $$$ISERR(sc) goto error
		i '##class(%SYS.Monitor).IsComponent("SYS.Monitor.DashboardSensors"){
			w "Adding Dashboard Sensors",!
			s sc=..AddDashboardSensors()
		}
		i $$$ISERR(sc) goto error
	}
	goto cleanup
error
	w !,"ERROR: ",!
	w $$$GETERRORCODE(sc)
	w "",!!
	goto cleanup
cleanup
	w "Changing Back to USER Namespace",!
	zn "USER"
	i $$$ISOK(sc) w "Successfully Installed the Dashboard",!
	i $$$ISERR(sc) w "Failed to Install the Dashboard. Check for errors printed above, and returned by the Install Method.",!
	q sc
]]></Implementation>
</Method>

<Method name="NormalizeKitPath">
<ClassMethod>1</ClassMethod>
<FormalSpec>kitPath:%String</FormalSpec>
<ReturnType>%Status</ReturnType>
<Implementation><![CDATA[
	i ($E(kitPath,$L(kitPath),$L(kitPath))'="/" || $E(kitPath,$L(kitPath),$L(kitPath))'="\") s kitPath=kitPath_"\"
	q kitPath
]]></Implementation>
</Method>

<Method name="ValidateKit">
<ClassMethod>1</ClassMethod>
<FormalSpec>kitPath:%String</FormalSpec>
<ReturnType>%Status</ReturnType>
<Implementation><![CDATA[
	s sc=$$$OK
	s find="dashboard"
	s path=kitPath_find
	i '##class(%File).DirectoryExists(path) s sc=$$$ERROR("Front end code (" _ path _ ") does not exist within kit")
	i ($$$ISOK(sc)&&($system.Version.GetNumber()<2017.2)) {
		s find="DashboardSupport.xml"
		s path = kitPath_find
		i '##class(%File).Exists(path) s sc=$$$ERROR("Back end code (" _ path _ ") does not exist within kit")
	}
	q sc
]]></Implementation>
</Method>

<Method name="MoveKitFiles">
<ClassMethod>1</ClassMethod>
<FormalSpec>kitPath:%String</FormalSpec>
<ReturnType>%Status</ReturnType>
<Implementation><![CDATA[
	s sc=$$$OK
	s installDir = $zu(12)
	s find="dashboard"
	s kpath=kitPath_find
	s ipath=$REPLACE(installDir,"mgr\","\CSP\sys\dashboard")
	s sc=##class(%File).CopyDir(kpath, ipath)
	i sc'=1 s sc=$$$ERROR("Failed moving front end code (" _ kpath _ " to " _ ipath _ ")")
	i ($$$ISOK(sc)&&($system.Version.GetNumber()<2017.2)) {
		s find="DashboardSupport.xml"
		s kpath=kitPath_find
		s ipath=installDir
		s sc=##class(%File).CopyFile(kpath, ipath)
		i sc'=1 s sc=$$$ERROR("Failed moving back end code (" _ kpath _ " to " _ ipath _ ")")
	}
	q sc
]]></Implementation>
</Method>

<Method name="CreateWebApplications">
<ClassMethod>1</ClassMethod>
<ReturnType>%Status</ReturnType>
<Implementation><![CDATA[
	s sc=$$$OK
	i '##class(Security.Applications).%ExistsId("/csp/sys/dashboard") {
		s app=##class(Security.Applications).%New()
		s app.Name="/csp/sys/dashboard"
		s app.LockCSPName=$$$YES
		s app.NameSpace="%SYS"
		s app.IsNameSpaceDefault=$$$NO
		s app.Path="sys\dashboard\"
		s app.Type=2
		s app.Description="Graphic Dashboard"
		s app.UseCookies=2
		s app.CookiePath="/csp/sys/dashboard/"
		s app.InbndWebServicesEnabled=$$$YES
		s app.CSPZENEnabled=$$$YES
		s app.DeepSeeEnabled=$$$NO
		s app.iKnowEnabled=$$$NO
		s app.Recurse=$$$YES
		s app.ServeFiles=2
		s app.ServeFilesTimeout=3600
		s app.Timeout=28800
		s app.TwoFactorEnabled=$$$NO
		s app.Resource="%Admin_Operate"
		s app.Enabled=$$$YES
		s app.GroupById="%ISCMgtPortal"
		s app.HyperEvent=$$$NO
		s app.AutoCompile=$$$NO
		s app.AutheEnabled=64
		s sc=app.%Save()
	}
	i ($$$ISOK(sc)&&'##class(Security.Applications).%ExistsId("/api/dashboard")) {
		s app=##class(Security.Applications).%New()
		s app.Name="/api/dashboard"
		s app.Description="System Monitor Dashboard REST API"
		s app.NameSpace="%SYS"
		s app.DispatchClass="%Api.Dashboard"
		s app.Timeout=3600
		s sc=app.%Save()
		s ^SYS("Security","CSP","AllowClass","/api/dashboard/","%Api.Dashboard")=1
	}
	q sc
]]></Implementation>
</Method>

<Method name="SetCacheLibReadOnly">
<ClassMethod>1</ClassMethod>
<FormalSpec><![CDATA[readOnly:%Integer,&prevState=1]]></FormalSpec>
<ReturnType>%Boolean</ReturnType>
<Implementation><![CDATA[
	s sc = $$$ERROR("Could not find CACHELIB database")
	s sfn = -1
	f {
		s finfo=$zu(49,sfn,1,5) q:finfo=-1
		s sfn=+$p(finfo,"^",1)
		s dir=$p(finfo,"^",3)
		s name=$p($p(finfo,"^",4),"_",2)
		i (name="CACHELIB") {
			s db=##Class(SYS.Database).%OpenId(dir)
			s prevState=db.ReadOnly
			d db.ReadOnlySet(readOnly)
			s sc=db.%Save()
		}
	}
	q sc
]]></Implementation>
</Method>

<Method name="AddDashboardSensors">
<ClassMethod>1</ClassMethod>
<ReturnType>%Status</ReturnType>
<Implementation><![CDATA[
	s sc = $$$OK
	d ##class(%SYS.Monitor).Stop()
	s sc = ##class(%SYS.Monitor).AddComponentClass("SYS.Monitor.DashboardSensors", "Default sensors for the System Monitor Dashboard")
	d ##class(%SYS.Monitor).Start()
	i $$$ISERR(sc) s sc = $$$ERROR("Failed to Add System Dashboard Sensors.")
	q sc
]]></Implementation>
</Method>

<UDLText name="T">
<Content><![CDATA[
/*
	UN-INSTALLATION FUNCTIONALITY
*/
]]></Content>
</UDLText>

<Method name="RemoveWebApplication">
<ClassMethod>1</ClassMethod>
<ReturnType>%Status</ReturnType>
<Implementation><![CDATA[
	s sc=$$$OK
	i ##class(Security.Applications).%ExistsId("/csp/sys/dashboard") {
		set st=##class(Security.Applications).Delete("/csp/sys/dashboard")
	}
	i ##class(Security.Applications).%ExistsId("/api/dashboard") {
		set st=##class(Security.Applications).Delete("/api/dashboard")
	}
]]></Implementation>
</Method>

<Storage name="Default">
<Type>%Library.CacheStorage</Type>
<DataLocation>^SYS.Monitor.DashboardInB817D</DataLocation>
<DefaultData>DashboardInstallerDefaultData</DefaultData>
<IdLocation>^SYS.Monitor.DashboardInB817D</IdLocation>
<IndexLocation>^SYS.Monitor.DashboardInB817I</IndexLocation>
<StreamLocation>^SYS.Monitor.DashboardInB817S</StreamLocation>
<Data name="DashboardInstallerDefaultData">
<Structure>listnode</Structure>
<Subscript/>
<Value name="1">
<Value>%%CLASSNAME</Value>
</Value>
</Data>
</Storage>
</Class>
</Export>
